{"cameraMode":{"drawMode":0,"name":"Shaded","section":"Shading Mode"},"sceneLighting":false,"audioPlay":false,"sceneViewState":{"showFog":true,"showMaterialUpdate":false,"showSkybox":true,"showFlares":true,"showImageEffects":true,"showParticleSystems":true},"in2DMode":false,"pivot":{"x":4.7603278160095219,"y":12.789796829223633,"z":4.163661003112793},"rotation":{"x":0.022534335032105447,"y":-0.8477011322975159,"z":0.5287654399871826,"w":0.03612707555294037},"size":18.230661392211915,"orthographic":false}